from,to,type
__96J_,1596U_,internal
__95J_,1595U_,internal
__94J_,1594U_,internal
__93J_,1593U_,internal
__92J_,1592U_,internal
__91J_,1591U_,internal
__90J_,1590U_,internal
__89J_,1589U_,internal
__88J_,1588U_,internal
__87J_,1587U_,internal
__86J_,1586U_,internal
__85J_,1585U_,internal
__84J_,1584U_,internal
__83J_,1583U_,internal
__82J_,1582U_,internal
__81J_,1581U_,internal
__80J_,1580U_,internal
__79J_,1579U_,internal
__78J_,1578U_,internal
__77J_,1577U_,internal
__76J_,1576U_,internal
__75J_,1575U_,internal
__74J_,1574U_,internal
__73J_,1573U_,internal
__72J_,1572U_,internal
__71J_,1571U_,internal
_70JA_,1570U_,internal
__69J_,1569U_,internal
__68J_,1568U_,internal
__67J_,1567U_,internal
__66J_,1566U_,internal
__65J_,1565U_,internal
__64J_,1564U_,internal
__63J_,1563U_,internal
__62J_,1562U_,internal
__61J_,1561U_,internal
__60J_,1560U_,internal
__59J_,1559U_,internal
__58J_,1558U_,internal
__57J_,1557U_,internal
__56J_,1556U_,internal
__55J_,1555U_,internal
__54J_,1554U_,internal
__53J_,1553U_,internal
__52J_,1552U_,internal
__51J_,1551U_,internal
__50J_,1550U_,internal
__49J_,1549U_,internal
__48J_,1548U_,internal
__47J_,1547U_,internal
__46J_,1546U_,internal
__45J_,1545U_,internal
__44J_,1544U_,internal
__43J_,1543U_,internal
__42J_,1542U_,internal
__41J_,1541U_,internal
__40J_,1540U_,internal
__39J_,1539U_,internal
__38J_,1538U_,internal
__37J_,1537U_,internal
__36J_,1536U_,internal
__35J_,1535U_,internal
__34J_,1534U_,internal
__33J_,1533U_,internal
__32J_,1532U_,internal
__31J_,1531U_,internal
__30J_,1530U_,internal
__29J_,1529U_,internal
__28J_,1528U_,internal
__27J_,1527U_,internal
__26J_,1526U_,internal
__25J_,1525U_,internal
__24J_,1524U_,internal
__23J_,1523U_,internal
__22J_,1522U_,internal
__21J_,1521U_,internal
__20J_,1520U_,internal
__19J_,1519U_,internal
__18J_,1518U_,internal
__17J_,1517U_,internal
__16J_,1516U_,internal
__15J_,1515U_,internal
__14J_,1514U_,internal
__13J_,1513U_,internal
__12J_,1512U_,internal
__11J_,1511U_,internal
__10J_,1510U_,internal
__J96_,1596U_,internal
__J95_,1595U_,internal
__J94_,1594U_,internal
__J93_,1593U_,internal
__J92_,1592U_,internal
__J91_,1591U_,internal
__J90_,1590U_,internal
__J89_,1589U_,internal
__J88_,1588U_,internal
__J87_,1587U_,internal
__J86_,1586U_,internal
__J85_,1585U_,internal
__J84_,1584U_,internal
__J83_,1583U_,internal
__J82_,1582U_,internal
__J81_,1581U_,internal
__J80_,1580U_,internal
__J79_,1579U_,internal
__J78_,1578U_,internal
__J77_,1577U_,internal
__J76_,1576U_,internal
__J75_,1575U_,internal
__J74_,1574U_,internal
__J73_,1573U_,internal
__J72_,1572U_,internal
__J71_,1571U_,internal
_JA70_,1570U_,internal
__J69_,1569U_,internal
__J68_,1568U_,internal
__J67_,1567U_,internal
__J66_,1566U_,internal
__J65_,1565U_,internal
__J64_,1564U_,internal
__J63_,1563U_,internal
__J62_,1562U_,internal
__J61_,1561U_,internal
__J60_,1560U_,internal
__J59_,1559U_,internal
__J58_,1558U_,internal
__J57_,1557U_,internal
__J56_,1556U_,internal
__J55_,1555U_,internal
__J54_,1554U_,internal
__J53_,1553U_,internal
__J52_,1552U_,internal
__J51_,1551U_,internal
__J50_,1550U_,internal
__J49_,1549U_,internal
__J48_,1548U_,internal
__J47_,1547U_,internal
__J46_,1546U_,internal
__J45_,1545U_,internal
__J44_,1544U_,internal
__J43_,1543U_,internal
__J42_,1542U_,internal
__J41_,1541U_,internal
__J40_,1540U_,internal
__J39_,1539U_,internal
__J38_,1538U_,internal
__J37_,1537U_,internal
__J36_,1536U_,internal
__J35_,1535U_,internal
__J34_,1534U_,internal
__J33_,1533U_,internal
__J32_,1532U_,internal
__J31_,1531U_,internal
__J30_,1530U_,internal
__J29_,1529U_,internal
__J28_,1528U_,internal
__J27_,1527U_,internal
__J26_,1526U_,internal
__J25_,1525U_,internal
__J24_,1524U_,internal
__J23_,1523U_,internal
__J22_,1522U_,internal
__J21_,1521U_,internal
__J20_,1520U_,internal
__J19_,1519U_,internal
__J18_,1518U_,internal
__J17_,1517U_,internal
__J16_,1516U_,internal
__J15_,1515U_,internal
__J14_,1514U_,internal
__J13_,1513U_,internal
__J12_,1512U_,internal
__J11_,1511U_,internal
__J10_,1510U_,internal
___J9_,1509U_,internal
___J8_,1508U_,internal
___J7_,1507U_,internal
___J6_,1506U_,internal
___J5_,1505U_,internal
___J4_,1504U_,internal
___J3_,1503U_,internal
___J2_,1502U_,internal
___J1_,1501U_,internal
___9J_,1509U_,internal
___8J_,1508U_,internal
___7J_,1507U_,internal
___6J_,1506U_,internal
___5J_,1505U_,internal
___4J_,1504U_,internal
___3J_,1503U_,internal
___2J_,1502U_,internal
___1J_,1501U_,internal
-J96.,-1596U.,filename
-J95.,-1595U.,filename
-J94.,-1594U.,filename
-J93.,-1593U.,filename
-J92.,-1592U.,filename
-J91.,-1591U.,filename
-J90.,-1590U.,filename
-J89.,-1589U.,filename
-J88.,-1588U.,filename
-J87.,-1587U.,filename
-J86.,-1586U.,filename
-J85.,-1585U.,filename
-J84.,-1584U.,filename
-J83.,-1583U.,filename
-J82.,-1582U.,filename
-J81.,-1581U.,filename
-J80.,-1580U.,filename
-J79.,-1579U.,filename
-J78.,-1578U.,filename
-J77.,-1577U.,filename
-J76.,-1576U.,filename
-J75.,-1575U.,filename
-J74.,-1574U.,filename
-J73.,-1573U.,filename
-J72.,-1572U.,filename
-J71.,-1571U.,filename
-JA70.,-1570U.,filename
-J69.,-1569U.,filename
-J68.,-1568U.,filename
-J67.,-1567U.,filename
-J66.,-1566U.,filename
-J65.,-1565U.,filename
-J64.,-1564U.,filename
-J63.,-1563U.,filename
-J62.,-1562U.,filename
-J61.,-1561U.,filename
-J60.,-1560U.,filename
-J59.,-1559U.,filename
-J58.,-1558U.,filename
-J57.,-1557U.,filename
-J56.,-1556U.,filename
-J55.,-1555U.,filename
-J54.,-1554U.,filename
-J53.,-1553U.,filename
-J52.,-1552U.,filename
-J51.,-1551U.,filename
-J50.,-1550U.,filename
-J49.,-1549U.,filename
-J48.,-1548U.,filename
-J47.,-1547U.,filename
-J46.,-1546U.,filename
-J45.,-1545U.,filename
-J44.,-1544U.,filename
-J43.,-1543U.,filename
-J42.,-1542U.,filename
-J41.,-1541U.,filename
-J40.,-1540U.,filename
-J39.,-1539U.,filename
-J38.,-1538U.,filename
-J37.,-1537U.,filename
-J36.,-1536U.,filename
-J35.,-1535U.,filename
-J34.,-1534U.,filename
-J33.,-1533U.,filename
-J32.,-1532U.,filename
-J31.,-1531U.,filename
-J30.,-1530U.,filename
-J29.,-1529U.,filename
-J28.,-1528U.,filename
-J27.,-1527U.,filename
-J26.,-1526U.,filename
-J25.,-1525U.,filename
-J24.,-1524U.,filename
-J23.,-1523U.,filename
-J22.,-1522U.,filename
-J21.,-1521U.,filename
-J20.,-1520U.,filename
-J19.,-1519U.,filename
-J18.,-1518U.,filename
-J17.,-1517U.,filename
-J16.,-1516U.,filename
-J15.,-1515U.,filename
-J14.,-1514U.,filename
-J13.,-1513U.,filename
-J12.,-1512U.,filename
-J11.,-1511U.,filename
-J10.,-1510U.,filename
-96J.,-1596U.,filename
-95J.,-1595U.,filename
-94J.,-1594U.,filename
-93J.,-1593U.,filename
-92J.,-1592U.,filename
-91J.,-1591U.,filename
-90J.,-1590U.,filename
-89J.,-1589U.,filename
-88J.,-1588U.,filename
-87J.,-1587U.,filename
-86J.,-1586U.,filename
-85J.,-1585U.,filename
-84J.,-1584U.,filename
-83J.,-1583U.,filename
-82J.,-1582U.,filename
-81J.,-1581U.,filename
-80J.,-1580U.,filename
-79J.,-1579U.,filename
-78J.,-1578U.,filename
-77J.,-1577U.,filename
-76J.,-1576U.,filename
-75J.,-1575U.,filename
-74J.,-1574U.,filename
-73J.,-1573U.,filename
-72J.,-1572U.,filename
-71J.,-1571U.,filename
-70JA.,-1570U.,filename
-69J.,-1569U.,filename
-68J.,-1568U.,filename
-67J.,-1567U.,filename
-66J.,-1566U.,filename
-65J.,-1565U.,filename
-64J.,-1564U.,filename
-63J.,-1563U.,filename
-62J.,-1562U.,filename
-61J.,-1561U.,filename
-60J.,-1560U.,filename
-59J.,-1559U.,filename
-58J.,-1558U.,filename
-57J.,-1557U.,filename
-56J.,-1556U.,filename
-55J.,-1555U.,filename
-54J.,-1554U.,filename
-53J.,-1553U.,filename
-52J.,-1552U.,filename
-51J.,-1551U.,filename
-50J.,-1550U.,filename
-49J.,-1549U.,filename
-48J.,-1548U.,filename
-47J.,-1547U.,filename
-46J.,-1546U.,filename
-45J.,-1545U.,filename
-44J.,-1544U.,filename
-43J.,-1543U.,filename
-42J.,-1542U.,filename
-41J.,-1541U.,filename
-40J.,-1540U.,filename
-39J.,-1539U.,filename
-38J.,-1538U.,filename
-37J.,-1537U.,filename
-36J.,-1536U.,filename
-35J.,-1535U.,filename
-34J.,-1534U.,filename
-33J.,-1533U.,filename
-32J.,-1532U.,filename
-31J.,-1531U.,filename
-30J.,-1530U.,filename
-29J.,-1529U.,filename
-28J.,-1528U.,filename
-27J.,-1527U.,filename
-26J.,-1526U.,filename
-25J.,-1525U.,filename
-24J.,-1524U.,filename
-23J.,-1523U.,filename
-22J.,-1522U.,filename
-21J.,-1521U.,filename
-20J.,-1520U.,filename
-19J.,-1519U.,filename
-18J.,-1518U.,filename
-17J.,-1517U.,filename
-16J.,-1516U.,filename
-15J.,-1515U.,filename
-14J.,-1514U.,filename
-13J.,-1513U.,filename
-12J.,-1512U.,filename
-11J.,-1511U.,filename
-10J.,-1510U.,filename
-9J.,-1509U.,filename
-8J.,-1508U.,filename
-7J.,-1507U.,filename
-6J.,-1506U.,filename
-5J.,-1505U.,filename
-4J.,-1504U.,filename
-3J.,-1503U.,filename
-2J.,-1502U.,filename
-1J.,-1501U.,filename
-9J.,-1509U.,filename
-8J.,-1508U.,filename
-7J.,-1507U.,filename
-6J.,-1506U.,filename
-5J.,-1505U.,filename
-4J.,-1504U.,filename
-3J.,-1503U.,filename
-2J.,-1502U.,filename
-1J.,-1501U.,filename
-J9.,-1509U.,filename
-J8.,-1508U.,filename
-J7.,-1507U.,filename
-J6.,-1506U.,filename
-J5.,-1505U.,filename
-J4.,-1504U.,filename
-J3.,-1503U.,filename
-J2.,-1502U.,filename
-J1.,-1501U.,filename
-J9.,-1509U.,filename
-J8.,-1508U.,filename
-J7.,-1507U.,filename
-J6.,-1506U.,filename
-J5.,-1505U.,filename
-J4.,-1504U.,filename
-J3.,-1503U.,filename
-J2.,-1502U.,filename
-J1.,-1501U.,filename
96J-,1596U-,filename
95J-,1595U-,filename
94J-,1594U-,filename
93J-,1593U-,filename
92J-,1592U-,filename
91J-,1591U-,filename
90J-,1590U-,filename
89J-,1589U-,filename
88J-,1588U-,filename
87J-,1587U-,filename
86J-,1586U-,filename
85J-,1585U-,filename
84J-,1584U-,filename
83J-,1583U-,filename
82J-,1582U-,filename
81J-,1581U-,filename
80J-,1580U-,filename
79J-,1579U-,filename
78J-,1578U-,filename
77J-,1577U-,filename
76J-,1576U-,filename
75J-,1575U-,filename
74J-,1574U-,filename
73J-,1573U-,filename
72J-,1572U-,filename
71J-,1571U-,filename
70JA-,1570U-,filename
69J-,1569U-,filename
68J-,1568U-,filename
67J-,1567U-,filename
66J-,1566U-,filename
65J-,1565U-,filename
64J-,1564U-,filename
63J-,1563U-,filename
62J-,1562U-,filename
61J-,1561U-,filename
60J-,1560U-,filename
59J-,1559U-,filename
58J-,1558U-,filename
57J-,1557U-,filename
56J-,1556U-,filename
55J-,1555U-,filename
54J-,1554U-,filename
53J-,1553U-,filename
52J-,1552U-,filename
51J-,1551U-,filename
50J-,1550U-,filename
49J-,1549U-,filename
48J-,1548U-,filename
47J-,1547U-,filename
46J-,1546U-,filename
45J-,1545U-,filename
44J-,1544U-,filename
43J-,1543U-,filename
42J-,1542U-,filename
41J-,1541U-,filename
40J-,1540U-,filename
39J-,1539U-,filename
38J-,1538U-,filename
37J-,1537U-,filename
36J-,1536U-,filename
35J-,1535U-,filename
34J-,1534U-,filename
33J-,1533U-,filename
32J-,1532U-,filename
31J-,1531U-,filename
30J-,1530U-,filename
29J-,1529U-,filename
28J-,1528U-,filename
27J-,1527U-,filename
26J-,1526U-,filename
25J-,1525U-,filename
24J-,1524U-,filename
23J-,1523U-,filename
22J-,1522U-,filename
21J-,1521U-,filename
20J-,1520U-,filename
19J-,1519U-,filename
18J-,1518U-,filename
17J-,1517U-,filename
16J-,1516U-,filename
15J-,1515U-,filename
14J-,1514U-,filename
13J-,1513U-,filename
12J-,1512U-,filename
11J-,1511U-,filename
10J-,1510U-,filename
J96-,1596U-,filename
J95-,1595U-,filename
J94-,1594U-,filename
J93-,1593U-,filename
J92-,1592U-,filename
J91-,1591U-,filename
J90-,1590U-,filename
J89-,1589U-,filename
J88-,1588U-,filename
J87-,1587U-,filename
J86-,1586U-,filename
J85-,1585U-,filename
J84-,1584U-,filename
J83-,1583U-,filename
J82-,1582U-,filename
J81-,1581U-,filename
J80-,1580U-,filename
J79-,1579U-,filename
J78-,1578U-,filename
J77-,1577U-,filename
J76-,1576U-,filename
J75-,1575U-,filename
J74-,1574U-,filename
J73-,1573U-,filename
J72-,1572U-,filename
J71-,1571U-,filename
JA70-,1570U-,filename
J69-,1569U-,filename
J68-,1568U-,filename
J67-,1567U-,filename
J66-,1566U-,filename
J65-,1565U-,filename
J64-,1564U-,filename
J63-,1563U-,filename
J62-,1562U-,filename
J61-,1561U-,filename
J60-,1560U-,filename
J59-,1559U-,filename
J58-,1558U-,filename
J57-,1557U-,filename
J56-,1556U-,filename
J55-,1555U-,filename
J54-,1554U-,filename
J53-,1553U-,filename
J52-,1552U-,filename
J51-,1551U-,filename
J50-,1550U-,filename
J49-,1549U-,filename
J48-,1548U-,filename
J47-,1547U-,filename
J46-,1546U-,filename
J45-,1545U-,filename
J44-,1544U-,filename
J43-,1543U-,filename
J42-,1542U-,filename
J41-,1541U-,filename
J40-,1540U-,filename
J39-,1539U-,filename
J38-,1538U-,filename
J37-,1537U-,filename
J36-,1536U-,filename
J35-,1535U-,filename
J34-,1534U-,filename
J33-,1533U-,filename
J32-,1532U-,filename
J31-,1531U-,filename
J30-,1530U-,filename
J29-,1529U-,filename
J28-,1528U-,filename
J27-,1527U-,filename
J26-,1526U-,filename
J25-,1525U-,filename
J24-,1524U-,filename
J23-,1523U-,filename
J22-,1522U-,filename
J21-,1521U-,filename
J20-,1520U-,filename
J19-,1519U-,filename
J18-,1518U-,filename
J17-,1517U-,filename
J16-,1516U-,filename
J15-,1515U-,filename
J14-,1514U-,filename
J13-,1513U-,filename
J12-,1512U-,filename
J11-,1511U-,filename
J10-,1510U-,filename
J9-,1509U-,filename
J8-,1508U-,filename
J7-,1507U-,filename
J6-,1506U-,filename
J5-,1505U-,filename
J4-,1504U-,filename
J3-,1503U-,filename
J2-,1502U-,filename
J1-,1501U-,filename
J9-,1509U-,filename
J8-,1508U-,filename
J7-,1507U-,filename
J6-,1506U-,filename
J5-,1505U-,filename
J4-,1504U-,filename
J3-,1503U-,filename
J2-,1502U-,filename
J1-,1501U-,filename
9J-,1509U-,filename
8J-,1508U-,filename
7J-,1507U-,filename
6J-,1506U-,filename
5J-,1505U-,filename
4J-,1504U-,filename
3J-,1503U-,filename
2J-,1502U-,filename
1J-,1501U-,filename
9J-,1509U-,filename
8J-,1508U-,filename
7J-,1507U-,filename
6J-,1506U-,filename
5J-,1505U-,filename
4J-,1504U-,filename
3J-,1503U-,filename
2J-,1502U-,filename
1J-,1501U-,filename
