old_name,new_name
J1.1.jpeg,1201U-1.jpeg
J1.2.jpeg,1201U-2.jpeg
J1.3.jpeg,1201U-3.jpeg
J2.1.jpeg,1202U-1.jpeg
J2.2.jpeg,1202U-2.jpeg
J2.3.jpeg,1202U-3.jpeg
J3.1.1.jpg,1203U-1.jpg
J3.1.2.jpg,1203U-2.jpg
J3.1.3.jpg,1203U-3.jpg
J4.1.jpeg,1204U-1.jpeg
J4.2.jpeg,1204U-2.jpeg
J4.3.jpeg,1204U-3.jpeg
J4.4.jpeg,1204U-4.jpeg
J5.1.jpeg,1205U-1.jpeg
J5.2.jpeg,1205U-2.jpeg
J5.3.jpeg,1205U-3.jpeg
J6.1.jpeg,1206U-1.jpeg
J6.2.jpeg,1206U-2.jpeg
J6.3.jpeg,1206U-3.jpeg
J6.5.jpeg,1206U-5.jpeg
J7.1.jpeg,1207U-1.jpeg
J7.3.jpeg,1207U-3.jpeg
J7.4.jpeg,1207U-4.jpeg
J7.5.jpeg,1207U-5.jpeg
J8.1.jpeg,1208U-1.jpeg
J9-1.jpeg,1209U-1.jpeg
J9-2.jpeg,1209U-2.jpeg
J9-3.jpeg,1209U-3.jpeg
J9-4.jpeg,1209U-4.jpeg
J9-F.jpeg,1209U-F.jpeg
J10-1.jpeg,1210U-1.jpeg
J10-2.jpeg,1210U-2.jpeg
J10-F.jpeg,1210U-F.jpeg
J11-1.jpeg,1211U-1.jpeg
J11-F.jpeg,1211U-F.jpeg
J12-3.jpeg,1212U-3.jpeg
J12-4.jpeg,1212U-4.jpeg
J12-F.jpeg,1212U-F.jpeg
J13-2.jpeg,1213U-2.jpeg
J13-3.jpeg,1213U-3.jpeg
J13-F.jpeg,1213U-F.jpeg
J14-1.jpeg,1214U-1.jpeg
J14-2.jpeg,1214U-2.jpeg
J14-3.jpeg,1214U-3.jpeg
J14-4.jpeg,1214U-4.jpeg
J14-F.jpeg,1214U-F.jpeg
J15-1.jpeg,1215U-1.jpeg
J15-2.jpeg,1215U-2.jpeg
J15-3.jpeg,1215U-3.jpeg
J15-F.jpeg,1215U-F.jpeg
J16-1.jpeg,1216U-1.jpeg
J16-2.jpeg,1216U-2.jpeg
J16-F.jpeg,1216U-F.jpeg
J17-1.jpeg,1217U-1.jpeg
J17-2.jpeg,1217U-2.jpeg
J17-3.jpeg,1217U-3.jpeg
J17-4.jpeg,1217U-4.jpeg
J17-5.jpeg,1217U-5.jpeg
J17-F.jpeg,1217U-F.jpeg
J18-1.jpeg,1218U-1.jpeg
J18-2.jpeg,1218U-2.jpeg
J18-3.jpeg,1218U-3.jpeg
J18-F.jpeg,1218U-F.jpeg
J19-1.jpeg,1219U-1.jpeg
J19-3.jpeg,1219U-3.jpeg
J19-5.jpeg,1219U-5.jpeg
J19-F.jpeg,1219U-F.jpeg
J20-1.jpeg,1220U-1.jpeg
J20-2.jpeg,1220U-2.jpeg
J20-3.jpeg,1220U-3.jpeg
J20-4.jpeg,1220U-4.jpeg
J20-F.jpeg,1220U-F.jpeg
21J-1.jpeg,1221U-1.jpeg
22J-1.jpeg,1222U-1.jpeg
22J-2.jpeg,1222U-2.jpeg
22J-3.jpeg,1222U-3.jpeg
22J-4.jpeg,1222U-4.jpeg
23J-1.jpeg,1223U-1.jpeg
23J-2.jpeg,1223U-2.jpeg
23J-3.jpeg,1223U-3.jpeg
24J-1.jpeg,1224U-1.jpeg
24J-2.jpeg,1224U-2.jpeg
24J-3.jpeg,1224U-3.jpeg
25J-1.jpeg,1225U-1.jpeg
25J-2.jpeg,1225U-2.jpeg
26J-1.jpeg,1226U-1.jpeg
26J-2.jpeg,1226U-2.jpeg
26J-3.jpeg,1226U-3.jpeg
27J_1.jpeg,1227U_1.jpeg
27J_2.jpeg,1227U_2.jpeg
27J_3.jpeg,1227U_3.jpeg
28J-1.jpeg,1228U-1.jpeg
28J-2.jpeg,1228U-2.jpeg
28J-3.jpeg,1228U-3.jpeg
29J-1.jpeg,1229U-1.jpeg
29J-2.jpeg,1229U-2.jpeg
29J-3.jpeg,1229U-3.jpeg
29J-4.jpeg,1229U-4.jpeg
30J-1.jpeg,1230U-1.jpeg
30J-2.jpeg,1230U-2.jpeg
30J-3.jpeg,1230U-3.jpeg
30J-4.jpeg,1230U-4.jpeg
31J-1.jpeg,1231U-1.jpeg
31J-2.jpeg,1231U-2.jpeg
31J-3.jpeg,1231U-3.jpeg
31J-4.jpeg,1231U-4.jpeg
31J-5.jpeg,1231U-5.jpeg
32J-1.jpeg,1232U-1.jpeg
32J-2.jpeg,1232U-2.jpeg
32J-3.jpeg,1232U-3.jpeg
32J-4.jpeg,1232U-4.jpeg
33J-1.jpeg,1233U-1.jpeg
33J-2.jpeg,1233U-2.jpeg
33J-3.jpeg,1233U-3.jpeg
33J-4.jpeg,1233U-4.jpeg
34J-1.jpeg,1234U-1.jpeg
34J-2.jpeg,1234U-2.jpeg
34J-3.jpeg,1234U-3.jpeg
35J-1.jpeg,1235U-1.jpeg
35J-2.jpeg,1235U-2.jpeg
35J-3.jpeg,1235U-3.jpeg
35J-4.jpeg,1235U-4.jpeg
36J-1.jpeg,1236U-1.jpeg
36J-2.jpeg,1236U-2.jpeg
36J-3.jpeg,1236U-3.jpeg
36J-4.jpeg,1236U-4.jpeg
37j-1.jpeg,1237U-1.jpeg
37j-2.jpeg,1237U-2.jpeg
37j-3.jpeg,1237U-3.jpeg
37j-4.jpeg,1237U-4.jpeg
38j-1.jpeg,1238U-1.jpeg
38j-2.jpeg,1238U-2.jpeg
38j-3.jpeg,1238U-3.jpeg
38j-4.jpeg,1238U-4.jpeg
39j-1.jpeg,1239U-1.jpeg
39j-2.jpeg,1239U-2.jpeg
39j-3.jpeg,1239U-3.jpeg
40J-1.jpeg,1240U-1.jpeg
40J-2.jpeg,1240U-2.jpeg
40J-3.jpeg,1240U-3.jpeg
41J-1.jpeg,1241U-1.jpeg
41J-2.jpeg,1241U-2.jpeg
41J-3.jpeg,1241U-3.jpeg
42J-1.jpeg,1242U-1.jpeg
42J-2.jpeg,1242U-2.jpeg
42J-3.jpeg,1242U-3.jpeg
43J-1.jpeg,1243U-1.jpeg
43J-2.jpeg,1243U-2.jpeg
43J-3.jpeg,1243U-3.jpeg
43J-4.jpeg,1243U-4.jpeg
43J-5.jpeg,1243U-5.jpeg
44J-1.jpeg,1244U-1.jpeg
44J-2.jpeg,1244U-2.jpeg
44J-3.jpeg,1244U-3.jpeg
45J-1.jpeg,1245U-1.jpeg
45J-2.jpeg,1245U-2.jpeg
45J-3.jpeg,1245U-3.jpeg
45J-4.jpeg,1245U-4.jpeg
46J-1.jpeg,1246U-1.jpeg
46J-2.jpeg,1246U-2.jpeg
46J-3.jpeg,1246U-3.jpeg
46J-4.jpeg,1246U-4.jpeg
47J-1.jpeg,1247U-1.jpeg
47J-2.jpeg,1247U-2.jpeg
47J-3.jpeg,1247U-3.jpeg
47J-4.jpeg,1247U-4.jpeg
47J-5.jpeg,1247U-5.jpeg
48J-1.jpeg,1248U-1.jpeg
48J-2.jpeg,1248U-2.jpeg
48J-3.jpeg,1248U-3.jpeg
48J-4.jpeg,1248U-4.jpeg
48J-5.jpeg,1248U-5.jpeg
48J-6.jpeg,1248U-6.jpeg
49J-1.jpeg,1249U-1.jpeg
49J-2.jpeg,1249U-2.jpeg
49J-3.jpeg,1249U-3.jpeg
49J-4.jpeg,1249U-4.jpeg
50J-1.jpeg,1250U-1.jpeg
50J-2.jpeg,1250U-2.jpeg
50J-3.jpeg,1250U-3.jpeg
50J-4.jpeg,1250U-4.jpeg
51J-1.jpeg,1251U-1.jpeg
51J-2.jpeg,1251U-2.jpeg
51J-3.jpeg,1251U-3.jpeg
51J-4.jpeg,1251U-4.jpeg
51J-5.jpeg,1251U-5.jpeg
51J-6.jpeg,1251U-6.jpeg
52J-1.jpeg,1252U-1.jpeg
52J-2.jpeg,1252U-2.jpeg
52J-3.jpeg,1252U-3.jpeg
52J-4.jpeg,1252U-4.jpeg
52J-5.jpeg,1252U-5.jpeg
53J-1.jpeg,1253U-1.jpeg
53J-2.jpeg,1253U-2.jpeg
53J-3.jpeg,1253U-3.jpeg
54J-1.jpeg,1254U-1.jpeg
54J-2.jpeg,1254U-2.jpeg
54J-3.jpeg,1254U-3.jpeg
55J-1.jpeg,1255U-1.jpeg
55J-2.jpeg,1255U-2.jpeg
55J-3.jpeg,1255U-3.jpeg
56J-1.jpeg,1256U-1.jpeg
56J-2.jpeg,1256U-2.jpeg
56J-3.jpeg,1256U-3.jpeg
57J-1.jpeg,1257U-1.jpeg
57J-2.jpeg,1257U-2.jpeg
57J-3.jpeg,1257U-3.jpeg
57J-4.jpeg,1257U-4.jpeg
58J-1.jpeg,1258U-1.jpeg
58J-2.jpeg,1258U-2.jpeg
58J-3.jpeg,1258U-3.jpeg
59J-1.jpeg,1259U-1.jpeg
59J-2.jpeg,1259U-2.jpeg
59J-3.jpeg,1259U-3.jpeg
60J-1.jpeg,1260U-1.jpeg
60J-2.jpeg,1260U-2.jpeg
60J-3.jpeg,1260U-3.jpeg
61J-1.jpeg,1261U-1.jpeg
61J-2.jpeg,1261U-2.jpeg
61J-3.jpeg,1261U-3.jpeg
62J-1.jpeg,1262U-1.jpeg
62J-2.jpeg,1262U-2.jpeg
62J-3.jpeg,1262U-3.jpeg
63J-1.jpeg,1263U-1.jpeg
64J-1.jpeg,1264U-1.jpeg
64J-2.jpeg,1264U-2.jpeg
64J-3.jpeg,1264U-3.jpeg
64J-4.jpeg,1264U-4.jpeg
65J-1.jpeg,1265U-1.jpeg
65J-2.jpeg,1265U-2.jpeg
65J-3.jpeg,1265U-3.jpeg
65J-4.jpeg,1265U-4.jpeg
66J-1.jpeg,1266U-1.jpeg
66J-2.jpeg,1266U-2.jpeg
66J-3.jpeg,1266U-3.jpeg
67J-1.jpeg,1267U-1.jpeg
67J-2.jpeg,1267U-2.jpeg
68J-1.jpeg,1268U-1.jpeg
68J-2.jpeg,1268U-2.jpeg
68J-3.jpeg,1268U-3.jpeg
69J-1.jpeg,1269U-1.jpeg
69J-2.jpeg,1269U-2.jpeg
69J-3.jpeg,1269U-3.jpeg
70JA-2.jpeg,1270U-2.jpeg
70JA-3.jpeg,1270U-3.jpeg
71J-1.jpeg,1271U-1.jpeg
71J-2.jpeg,1271U-2.jpeg
71J-3.jpeg,1271U-3.jpeg
71J-4.jpeg,1271U-4.jpeg
72J-1.jpeg,1272U-1.jpeg
72J-2.jpeg,1272U-2.jpeg
72J-3.jpeg,1272U-3.jpeg
73J-1.jpeg,1273U-1.jpeg
73J-2.jpeg,1273U-2.jpeg
73J-3.jpeg,1273U-3.jpeg
74J-1.jpeg,1274U-1.jpeg
74J-2.jpeg,1274U-2.jpeg
74J-3.jpeg,1274U-3.jpeg
75J-1.jpeg,1275U-1.jpeg
75J-2.jpeg,1275U-2.jpeg
75J-3.jpeg,1275U-3.jpeg
76J-1.jpeg,1276U-1.jpeg
76J-2.jpeg,1276U-2.jpeg
76J-3.jpeg,1276U-3.jpeg
76J-4.jpeg,1276U-4.jpeg
77J-1.jpeg,1277U-1.jpeg
77J-2.jpeg,1277U-2.jpeg
77J-3.jpeg,1277U-3.jpeg
78J-1.jpeg,1278U-1.jpeg
78J-2.jpeg,1278U-2.jpeg
79J-1.jpeg,1279U-1.jpeg
79J-2.jpeg,1279U-2.jpeg
79J-3.jpeg,1279U-3.jpeg
80J-1.jpeg,1280U-1.jpeg
80J-2.jpeg,1280U-2.jpeg
80J-3.jpeg,1280U-3.jpeg
81J-1.jpeg,1281U-1.jpeg
81J-2.jpeg,1281U-2.jpeg
81J-3.jpeg,1281U-3.jpeg
81J-4.jpeg,1281U-4.jpeg
82J-1.jpeg,1282U-1.jpeg
82J-2.jpeg,1282U-2.jpeg
82J-3.jpeg,1282U-3.jpeg
83J-1.jpeg,1283U-1.jpeg
83J-2.jpeg,1283U-2.jpeg
83J-3.jpeg,1283U-3.jpeg
84J-1.jpeg,1284U-1.jpeg
84J-2.jpeg,1284U-2.jpeg
84J-3.jpeg,1284U-3.jpeg
85J-1.jpeg,1285U-1.jpeg
85J-2.jpeg,1285U-2.jpeg
85J-3.jpeg,1285U-3.jpeg
86J-1.jpeg,1286U-1.jpeg
86J-2.jpeg,1286U-2.jpeg
86J-3.jpeg,1286U-3.jpeg
87J-1.jpeg,1287U-1.jpeg
87J-2.jpeg,1287U-2.jpeg
87J-3.jpeg,1287U-3.jpeg
88J-1.jpeg,1288U-1.jpeg
88J-2.jpeg,1288U-2.jpeg
88J-3.jpeg,1288U-3.jpeg
89J-1.jpeg,1289U-1.jpeg
89J-2.jpeg,1289U-2.jpeg
89J-3.jpeg,1289U-3.jpeg
90J-1.jpeg,1290U-1.jpeg
90J-2.jpeg,1290U-2.jpeg
90J-3.jpeg,1290U-3.jpeg
90J-4.jpeg,1290U-4.jpeg
91J-1.jpeg,1291U-1.jpeg
91J-2.jpeg,1291U-2.jpeg
92J-1.jpeg,1292U-1.jpeg
92J-2.jpeg,1292U-2.jpeg
92J-3.jpeg,1292U-3.jpeg
92J-4.jpeg,1292U-4.jpeg
93J-1.jpeg,1293U-1.jpeg
93J-2.jpeg,1293U-2.jpeg
93J-3.jpeg,1293U-3.jpeg
93J-4.jpeg,1293U-4.jpeg
93J-5.jpeg,1293U-5.jpeg
94J-1.jpeg,1294U-1.jpeg
94J-2.jpeg,1294U-2.jpeg
94J-J.jpeg,1294U-J.jpeg
95J-1.jpeg,1295U-1.jpeg
95J-2.jpeg,1295U-2.jpeg
95J-3.jpeg,1295U-3.jpeg
96J-1.jpeg,1296U-1.jpeg
96J-2.jpeg,1296U-2.jpeg
96J-3.jpeg,1296U-3.jpeg
96J-4.jpeg,1296U-4.jpeg
